--
-- PostgreSQL database dump
--

\restrict EZpOKayCio5S56smmLjFcBw1F9fMI0kMWHDeAcAMfa5JNKQVue0hou8SBrRwjnC

-- Dumped from database version 17.6
-- Dumped by pg_dump version 17.6

SET statement_timeout = 0;
SET lock_timeout = 0;
SET idle_in_transaction_session_timeout = 0;
SET transaction_timeout = 0;
SET client_encoding = 'UTF8';
SET standard_conforming_strings = on;
SELECT pg_catalog.set_config('search_path', '', false);
SET check_function_bodies = false;
SET xmloption = content;
SET client_min_messages = warning;
SET row_security = off;

--
-- Name: public; Type: SCHEMA; Schema: -; Owner: postgres
--

-- *not* creating schema, since initdb creates it


ALTER SCHEMA public OWNER TO postgres;

--
-- Name: SCHEMA public; Type: COMMENT; Schema: -; Owner: postgres
--

COMMENT ON SCHEMA public IS '';


SET default_tablespace = '';

SET default_table_access_method = heap;

--
-- Name: cart_item; Type: TABLE; Schema: public; Owner: postgres
--

CREATE TABLE public.cart_item (
    cart_item_id bigint NOT NULL,
    added_at timestamp(6) without time zone,
    price_per_unit numeric(38,2),
    quantity integer NOT NULL,
    event_id bigint,
    user_id bigint
);


ALTER TABLE public.cart_item OWNER TO postgres;

--
-- Name: cart_item_cart_item_id_seq; Type: SEQUENCE; Schema: public; Owner: postgres
--

ALTER TABLE public.cart_item ALTER COLUMN cart_item_id ADD GENERATED BY DEFAULT AS IDENTITY (
    SEQUENCE NAME public.cart_item_cart_item_id_seq
    START WITH 1
    INCREMENT BY 1
    NO MINVALUE
    NO MAXVALUE
    CACHE 1
);


--
-- Name: category; Type: TABLE; Schema: public; Owner: postgres
--

CREATE TABLE public.category (
    category_id bigint NOT NULL,
    category_description character varying(1000),
    category_name character varying(255)
);


ALTER TABLE public.category OWNER TO postgres;

--
-- Name: category_category_id_seq; Type: SEQUENCE; Schema: public; Owner: postgres
--

ALTER TABLE public.category ALTER COLUMN category_id ADD GENERATED BY DEFAULT AS IDENTITY (
    SEQUENCE NAME public.category_category_id_seq
    START WITH 1
    INCREMENT BY 1
    NO MINVALUE
    NO MAXVALUE
    CACHE 1
);


--
-- Name: event; Type: TABLE; Schema: public; Owner: postgres
--

CREATE TABLE public.event (
    event_id bigint NOT NULL,
    available_tickets integer DEFAULT 0,
    description character varying(1000),
    location character varying(255),
    price numeric(38,2),
    "timestamp" timestamp(6) without time zone,
    title character varying(255),
    image_id bigint,
    CONSTRAINT event_available_tickets_check CHECK ((available_tickets >= 0))
);


ALTER TABLE public.event OWNER TO postgres;

--
-- Name: event_category; Type: TABLE; Schema: public; Owner: postgres
--

CREATE TABLE public.event_category (
    event_id bigint NOT NULL,
    category_id bigint NOT NULL
);


ALTER TABLE public.event_category OWNER TO postgres;

--
-- Name: event_event_id_seq; Type: SEQUENCE; Schema: public; Owner: postgres
--

ALTER TABLE public.event ALTER COLUMN event_id ADD GENERATED BY DEFAULT AS IDENTITY (
    SEQUENCE NAME public.event_event_id_seq
    START WITH 1
    INCREMENT BY 1
    NO MINVALUE
    NO MAXVALUE
    CACHE 1
);


--
-- Name: feedback; Type: TABLE; Schema: public; Owner: postgres
--

CREATE TABLE public.feedback (
    feedback_id bigint NOT NULL,
    confirmed boolean,
    created_at timestamp(6) without time zone,
    score integer,
    status character varying(255),
    text character varying(255),
    event_id bigint,
    user_id bigint,
    CONSTRAINT feedback_score_check CHECK (((score >= 1) AND (score <= 5)))
);


ALTER TABLE public.feedback OWNER TO postgres;

--
-- Name: feedback_feedback_id_seq; Type: SEQUENCE; Schema: public; Owner: postgres
--

ALTER TABLE public.feedback ALTER COLUMN feedback_id ADD GENERATED BY DEFAULT AS IDENTITY (
    SEQUENCE NAME public.feedback_feedback_id_seq
    START WITH 1
    INCREMENT BY 1
    NO MINVALUE
    NO MAXVALUE
    CACHE 1
);


--
-- Name: image; Type: TABLE; Schema: public; Owner: postgres
--

CREATE TABLE public.image (
    image_id bigint NOT NULL,
    original_file_name character varying(255),
    size bigint,
    storage_file_name character varying(255),
    type character varying(255)
);


ALTER TABLE public.image OWNER TO postgres;

--
-- Name: image_image_id_seq; Type: SEQUENCE; Schema: public; Owner: postgres
--

ALTER TABLE public.image ALTER COLUMN image_id ADD GENERATED BY DEFAULT AS IDENTITY (
    SEQUENCE NAME public.image_image_id_seq
    START WITH 1
    INCREMENT BY 1
    NO MINVALUE
    NO MAXVALUE
    CACHE 1
);


--
-- Name: purchase; Type: TABLE; Schema: public; Owner: postgres
--

CREATE TABLE public.purchase (
    purchase_id bigint NOT NULL,
    purchase_date date,
    total_price numeric(38,2),
    user_id bigint
);


ALTER TABLE public.purchase OWNER TO postgres;

--
-- Name: purchase_item; Type: TABLE; Schema: public; Owner: postgres
--

CREATE TABLE public.purchase_item (
    purchase_item_id bigint NOT NULL,
    price_per_unit numeric(38,2),
    quantity integer,
    sub_total numeric(38,2),
    event_id bigint,
    purchase_id bigint
);


ALTER TABLE public.purchase_item OWNER TO postgres;

--
-- Name: purchase_item_purchase_item_id_seq; Type: SEQUENCE; Schema: public; Owner: postgres
--

ALTER TABLE public.purchase_item ALTER COLUMN purchase_item_id ADD GENERATED BY DEFAULT AS IDENTITY (
    SEQUENCE NAME public.purchase_item_purchase_item_id_seq
    START WITH 1
    INCREMENT BY 1
    NO MINVALUE
    NO MAXVALUE
    CACHE 1
);


--
-- Name: purchase_purchase_id_seq; Type: SEQUENCE; Schema: public; Owner: postgres
--

ALTER TABLE public.purchase ALTER COLUMN purchase_id ADD GENERATED BY DEFAULT AS IDENTITY (
    SEQUENCE NAME public.purchase_purchase_id_seq
    START WITH 1
    INCREMENT BY 1
    NO MINVALUE
    NO MAXVALUE
    CACHE 1
);


--
-- Name: users; Type: TABLE; Schema: public; Owner: postgres
--

CREATE TABLE public.users (
    user_id bigint NOT NULL,
    creation_date date,
    email character varying(255),
    name character varying(255),
    role smallint,
    image_image_id bigint,
    CONSTRAINT users_role_check CHECK (((role >= 0) AND (role <= 1)))
);


ALTER TABLE public.users OWNER TO postgres;

--
-- Name: users_user_id_seq; Type: SEQUENCE; Schema: public; Owner: postgres
--

ALTER TABLE public.users ALTER COLUMN user_id ADD GENERATED BY DEFAULT AS IDENTITY (
    SEQUENCE NAME public.users_user_id_seq
    START WITH 1
    INCREMENT BY 1
    NO MINVALUE
    NO MAXVALUE
    CACHE 1
);


--
-- Data for Name: cart_item; Type: TABLE DATA; Schema: public; Owner: postgres
--

COPY public.cart_item (cart_item_id, added_at, price_per_unit, quantity, event_id, user_id) FROM stdin;
\.


--
-- Data for Name: category; Type: TABLE DATA; Schema: public; Owner: postgres
--

COPY public.category (category_id, category_description, category_name) FROM stdin;
\.


--
-- Data for Name: event; Type: TABLE DATA; Schema: public; Owner: postgres
--

COPY public.event (event_id, available_tickets, description, location, price, "timestamp", title, image_id) FROM stdin;
14	325	sdfdsfsf	sdkskddfs	3243.00	2026-04-05 15:21:00	dksdf	31
5	45400	приходите! 	уникссс	401.00	2026-03-13 14:31:00	концерт дима билан	34
15	349	крутое описание вечера классической музыки	корстон	4005.00	2027-01-23 13:57:00	вечер классической музыки	32
10	2994	очень крутая музыка	биг твин аренаа	2503.00	2026-05-02 17:30:00	концерт щит	33
4	65	выставка имущества юсуповых	эрмитаж казань	350.00	2026-04-12 21:53:00	выставка в музее	35
\.


--
-- Data for Name: event_category; Type: TABLE DATA; Schema: public; Owner: postgres
--

COPY public.event_category (event_id, category_id) FROM stdin;
\.


--
-- Data for Name: feedback; Type: TABLE DATA; Schema: public; Owner: postgres
--

COPY public.feedback (feedback_id, confirmed, created_at, score, status, text, event_id, user_id) FROM stdin;
7	f	2026-05-25 18:43:21.869216	4	APPROVED	яблоко	4	2
8	t	2026-05-25 19:07:24.208649	4	APPROVED	отличные экспонаты	4	2
5	f	2026-05-25 18:43:06.53263	1	APPROVED	мне очень понравилась выставка	4	2
\.


--
-- Data for Name: image; Type: TABLE DATA; Schema: public; Owner: postgres
--

COPY public.image (image_id, original_file_name, size, storage_file_name, type) FROM stdin;
18	7e00ab0e5321bbc86e36857e4e8f2790.jpg	62977	e349b666-06b3-4a0a-8556-d036b192d630_7e00ab0e5321bbc86e36857e4e8f2790.jpg	image/jpeg
1	96F7AEFE-0867-4D1C-82FB-336445BF5F0B_1_105_c.jpeg	220992	0d08bda4-787b-4076-9f37-aade0e5e74e6_96F7AEFE-0867-4D1C-82FB-336445BF5F0B_1_105_c.jpeg	image/jpeg
29	7abe973b-c32b-42de-bec4-c599b3e1374a_1_Bvkn3ol6fCOuzAM42B2Afw.jpg	24727	2c350633-70fc-4468-812c-afdd40d570f6_7abe973b-c32b-42de-bec4-c599b3e1374a_1_Bvkn3ol6fCOuzAM42B2Afw.jpg	image/jpeg
30	a2606248500_10.jpg	137202	1513d291-093a-4511-86aa-39617132ac55_a2606248500_10.jpg	image/jpeg
31	P1150389.JPG	816866	e29eca53-b5b6-42eb-8c93-b126f03d8f44_P1150389.JPG	image/jpeg
32	P1140910.JPG	928444	66ed107b-e39b-4f72-8253-4b09895174bd_P1140910.JPG	image/jpeg
33	P1150378.JPG	843066	75841d0f-f88b-4d6d-a109-62cd1601e04f_P1150378.JPG	image/jpeg
34	P1150404.JPG	646021	2bc073dc-e445-4dc3-8e2c-dd6d92ba3f02_P1150404.JPG	image/jpeg
35	P1150259.JPG	962439	61e16c9f-2c7b-4602-b8f8-b963c2de125b_P1150259.JPG	image/jpeg
\.


--
-- Data for Name: purchase; Type: TABLE DATA; Schema: public; Owner: postgres
--

COPY public.purchase (purchase_id, purchase_date, total_price, user_id) FROM stdin;
12	2026-05-25	804.00	2
13	2026-05-27	4005.00	7
14	2026-05-27	2503.00	7
15	2026-05-27	350.00	7
16	2026-05-28	350.00	2
\.


--
-- Data for Name: purchase_item; Type: TABLE DATA; Schema: public; Owner: postgres
--

COPY public.purchase_item (purchase_item_id, price_per_unit, quantity, sub_total, event_id, purchase_id) FROM stdin;
12	402.00	2	804.00	4	12
13	4005.00	1	4005.00	15	13
14	2503.00	1	2503.00	10	14
15	350.00	1	350.00	4	15
16	350.00	1	350.00	4	16
\.


--
-- Data for Name: users; Type: TABLE DATA; Schema: public; Owner: postgres
--

COPY public.users (user_id, creation_date, email, name, role, image_image_id) FROM stdin;
1	2026-05-25	ab@mail.ru	ртур	0	1
6	2026-05-26	d@mail.ru	dilyara	0	30
2	2026-05-25	a@mail.ru	артууууур	1	35
7	2026-05-27	arturinrussia@gmail.com	антон	0	1
\.


--
-- Name: cart_item_cart_item_id_seq; Type: SEQUENCE SET; Schema: public; Owner: postgres
--

SELECT pg_catalog.setval('public.cart_item_cart_item_id_seq', 8, true);


--
-- Name: category_category_id_seq; Type: SEQUENCE SET; Schema: public; Owner: postgres
--

SELECT pg_catalog.setval('public.category_category_id_seq', 1, false);


--
-- Name: event_event_id_seq; Type: SEQUENCE SET; Schema: public; Owner: postgres
--

SELECT pg_catalog.setval('public.event_event_id_seq', 15, true);


--
-- Name: feedback_feedback_id_seq; Type: SEQUENCE SET; Schema: public; Owner: postgres
--

SELECT pg_catalog.setval('public.feedback_feedback_id_seq', 10, true);


--
-- Name: image_image_id_seq; Type: SEQUENCE SET; Schema: public; Owner: postgres
--

SELECT pg_catalog.setval('public.image_image_id_seq', 35, true);


--
-- Name: purchase_item_purchase_item_id_seq; Type: SEQUENCE SET; Schema: public; Owner: postgres
--

SELECT pg_catalog.setval('public.purchase_item_purchase_item_id_seq', 16, true);


--
-- Name: purchase_purchase_id_seq; Type: SEQUENCE SET; Schema: public; Owner: postgres
--

SELECT pg_catalog.setval('public.purchase_purchase_id_seq', 16, true);


--
-- Name: users_user_id_seq; Type: SEQUENCE SET; Schema: public; Owner: postgres
--

SELECT pg_catalog.setval('public.users_user_id_seq', 7, true);


--
-- Name: cart_item cart_item_pkey; Type: CONSTRAINT; Schema: public; Owner: postgres
--

ALTER TABLE ONLY public.cart_item
    ADD CONSTRAINT cart_item_pkey PRIMARY KEY (cart_item_id);


--
-- Name: category category_pkey; Type: CONSTRAINT; Schema: public; Owner: postgres
--

ALTER TABLE ONLY public.category
    ADD CONSTRAINT category_pkey PRIMARY KEY (category_id);


--
-- Name: event event_pkey; Type: CONSTRAINT; Schema: public; Owner: postgres
--

ALTER TABLE ONLY public.event
    ADD CONSTRAINT event_pkey PRIMARY KEY (event_id);


--
-- Name: feedback feedback_pkey; Type: CONSTRAINT; Schema: public; Owner: postgres
--

ALTER TABLE ONLY public.feedback
    ADD CONSTRAINT feedback_pkey PRIMARY KEY (feedback_id);


--
-- Name: image image_pkey; Type: CONSTRAINT; Schema: public; Owner: postgres
--

ALTER TABLE ONLY public.image
    ADD CONSTRAINT image_pkey PRIMARY KEY (image_id);


--
-- Name: purchase_item purchase_item_pkey; Type: CONSTRAINT; Schema: public; Owner: postgres
--

ALTER TABLE ONLY public.purchase_item
    ADD CONSTRAINT purchase_item_pkey PRIMARY KEY (purchase_item_id);


--
-- Name: purchase purchase_pkey; Type: CONSTRAINT; Schema: public; Owner: postgres
--

ALTER TABLE ONLY public.purchase
    ADD CONSTRAINT purchase_pkey PRIMARY KEY (purchase_id);


--
-- Name: users uk6dotkott2kjsp8vw4d0m25fb7; Type: CONSTRAINT; Schema: public; Owner: postgres
--

ALTER TABLE ONLY public.users
    ADD CONSTRAINT uk6dotkott2kjsp8vw4d0m25fb7 UNIQUE (email);


--
-- Name: cart_item uknx841egx7vovbvcyxhjnojgt1; Type: CONSTRAINT; Schema: public; Owner: postgres
--

ALTER TABLE ONLY public.cart_item
    ADD CONSTRAINT uknx841egx7vovbvcyxhjnojgt1 UNIQUE (event_id, user_id);


--
-- Name: users users_pkey; Type: CONSTRAINT; Schema: public; Owner: postgres
--

ALTER TABLE ONLY public.users
    ADD CONSTRAINT users_pkey PRIMARY KEY (user_id);


--
-- Name: purchase_item fk1mncc5yaore1sibgpj3jc4a7u; Type: FK CONSTRAINT; Schema: public; Owner: postgres
--

ALTER TABLE ONLY public.purchase_item
    ADD CONSTRAINT fk1mncc5yaore1sibgpj3jc4a7u FOREIGN KEY (purchase_id) REFERENCES public.purchase(purchase_id);


--
-- Name: event_category fk24ud2uucu4h8ga1ois1mnalo8; Type: FK CONSTRAINT; Schema: public; Owner: postgres
--

ALTER TABLE ONLY public.event_category
    ADD CONSTRAINT fk24ud2uucu4h8ga1ois1mnalo8 FOREIGN KEY (event_id) REFERENCES public.event(event_id);


--
-- Name: users fk30uggcaj1jbs2oexl8mt7afvx; Type: FK CONSTRAINT; Schema: public; Owner: postgres
--

ALTER TABLE ONLY public.users
    ADD CONSTRAINT fk30uggcaj1jbs2oexl8mt7afvx FOREIGN KEY (image_image_id) REFERENCES public.image(image_id);


--
-- Name: cart_item fk62m6oefcx9269nvj3tm4n5dex; Type: FK CONSTRAINT; Schema: public; Owner: postgres
--

ALTER TABLE ONLY public.cart_item
    ADD CONSTRAINT fk62m6oefcx9269nvj3tm4n5dex FOREIGN KEY (event_id) REFERENCES public.event(event_id);


--
-- Name: event fkf85jthhe47yg95ja1c89xo09m; Type: FK CONSTRAINT; Schema: public; Owner: postgres
--

ALTER TABLE ONLY public.event
    ADD CONSTRAINT fkf85jthhe47yg95ja1c89xo09m FOREIGN KEY (image_id) REFERENCES public.image(image_id);


--
-- Name: feedback fkjwhm48sj8827gyscux00ftf2n; Type: FK CONSTRAINT; Schema: public; Owner: postgres
--

ALTER TABLE ONLY public.feedback
    ADD CONSTRAINT fkjwhm48sj8827gyscux00ftf2n FOREIGN KEY (event_id) REFERENCES public.event(event_id);


--
-- Name: cart_item fkka3t831w0aw2vrwgsbhcn5y4m; Type: FK CONSTRAINT; Schema: public; Owner: postgres
--

ALTER TABLE ONLY public.cart_item
    ADD CONSTRAINT fkka3t831w0aw2vrwgsbhcn5y4m FOREIGN KEY (user_id) REFERENCES public.users(user_id);


--
-- Name: purchase_item fkl0xdjukgeb1uqyashreyv0usl; Type: FK CONSTRAINT; Schema: public; Owner: postgres
--

ALTER TABLE ONLY public.purchase_item
    ADD CONSTRAINT fkl0xdjukgeb1uqyashreyv0usl FOREIGN KEY (event_id) REFERENCES public.event(event_id);


--
-- Name: purchase fkoj7ky1v8cf4ibkk0s7alikp52; Type: FK CONSTRAINT; Schema: public; Owner: postgres
--

ALTER TABLE ONLY public.purchase
    ADD CONSTRAINT fkoj7ky1v8cf4ibkk0s7alikp52 FOREIGN KEY (user_id) REFERENCES public.users(user_id);


--
-- Name: event_category fkpwl2b1ylc09urqr0c4n18io; Type: FK CONSTRAINT; Schema: public; Owner: postgres
--

ALTER TABLE ONLY public.event_category
    ADD CONSTRAINT fkpwl2b1ylc09urqr0c4n18io FOREIGN KEY (category_id) REFERENCES public.category(category_id);


--
-- Name: feedback fkpwwmhguqianghvi1wohmtsm8l; Type: FK CONSTRAINT; Schema: public; Owner: postgres
--

ALTER TABLE ONLY public.feedback
    ADD CONSTRAINT fkpwwmhguqianghvi1wohmtsm8l FOREIGN KEY (user_id) REFERENCES public.users(user_id);


--
-- Name: SCHEMA public; Type: ACL; Schema: -; Owner: postgres
--

REVOKE USAGE ON SCHEMA public FROM PUBLIC;


--
-- PostgreSQL database dump complete
--

\unrestrict EZpOKayCio5S56smmLjFcBw1F9fMI0kMWHDeAcAMfa5JNKQVue0hou8SBrRwjnC

